slug,store,title,brand,category,condition,price,retailPrice,included,missing,dimensions,weight,shipBy,returns,description,photos,photoShots,checked,checkedOn,example,featured,hero,art,artBg
mbb-stand-mixer,mega-brown-box,"Example: [Brand] Stand Mixer, Tilt-Head, 5-Qt, Red",[Brand],Home & Kitchen,Open Box,89,,Mixer base|5-qt bowl|Flat beater|Dough hook|Whisk,None,14 x 9 x 14 in,22 lb,,,Example listing. Box opened for inspection; mixer is unused and all attachments are present. Outer box has shelf scuffs.,,Front|Back|Label / tag|Flaws|Scale,true,2026-09-27,true,true,1,mixer,#FCE3D0
mbb-headphones,mega-brown-box,"Example: [Brand] Wireless Over-Ear Headphones, Noise-Cancelling, Black",[Brand],Electronics,New,39,,Headphones|USB-C cable|Carry case,None,8 x 7 x 3 in,1 lb,,,"Example listing. Sealed, new-in-box liquidation stock. Box has minor corner wear.",,Front|Back|Label / tag|Flaws|Scale,true,2026-09-28,true,true,0,headphones,#D6ECEC
mbb-cookware,mega-brown-box,"Example: [Brand] 8-Piece Nonstick Cookware Set, Gray",[Brand],Home & Kitchen,New,64,,2 saucepans with lids|Stockpot with lid|2 frying pans,None,23 x 12 x 11 in,14 lb,,,Example listing. New overstock in original packaging. Packaging shows shelf wear.,,Front|Back|Label / tag|Flaws|Scale,true,2026-09-29,true,false,0,pot,#FFF0DC
mbb-drill,mega-brown-box,"Example: [Brand] 20V Cordless Drill Kit, 1 Battery, Yellow",[Brand],Tools & Outdoor,Open Box,55,,Drill|20V battery|Charger|Bit set,Carry case,12 x 10 x 4 in,4 lb,,,Example listing. Opened and tested in store; charges and runs normally. Original carry case is missing.,,Front|Back|Label / tag|Flaws|Scale,true,2026-09-09,true,false,0,drill,#FCE3D0
mbb-speaker,mega-brown-box,"Example: [Brand] Portable Bluetooth Speaker, Waterproof, Teal",[Brand],Electronics,Like New,29,,Speaker|Charging cable,Original box,7 x 3 x 3 in,1.2 lb,,,"Example listing. Customer return, tested and cleaned, no visible wear. Ships in a plain box.",,Front|Back|Label / tag|Flaws|Scale,true,2026-09-10,true,false,0,speaker,#D6ECEC
rv-denim-jacket,ridgeline-vintage,"Unbranded 1980s Denim Trucker Jacket, Men's M, Medium Wash",Unbranded,Vintage & Apparel,Like New,78,,Jacket,None,"Chest 22 in, length 25 in (flat)",2 lb,,,"Sample listing. Soft, broken-in denim with all original buttons. Even fade throughout, no stains, tears or repairs.",,Front|Back|Label / tag|Flaws|Scale,true,2026-09-11,false,true,0,jacket,#D6ECEC
rv-wool-blanket,ridgeline-vintage,"Unbranded Striped Wool Camp Blanket, 60 x 80 in, Cream/Orange",Unbranded,Vintage & Apparel,Like New,95,,Blanket,None,60 x 80 in,4 lb,,,"Sample listing. Heavy wool, bright stripes, no moth holes. Professionally cleaned.",,Front|Back|Label / tag|Flaws|Scale,true,2026-09-12,false,false,0,blanket,#FCE3D0
rv-camera,ridgeline-vintage,"Vintage 35mm Film Camera, Tested, Black/Chrome",Unbranded,Electronics,Like New,120,,Camera body|50mm lens|Lens cap|Strap,Manual,6 x 4 x 4 in,1.5 lb,,,"Sample listing. Shutter speeds and light meter tested by the shop. Clean body, no dents; lens is clear.",,Front|Back|Label / tag|Flaws|Scale,true,2026-09-13,false,false,5,camera,#FFF0DC
nn-jazz-lp,needle-nickel,"Jazz Standards LP, 180g Reissue, Black Vinyl, Sealed",Sample Label,Music,New,32,,Record in sealed sleeve,None,12.5 x 12.5 x 0.5 in,1 lb,,,Sample listing. Sealed reissue pressing. Ships in a rigid record mailer.,,Front|Back|Label / tag|Flaws|Scale,true,2026-09-14,false,false,0,record,#E6E1D6
nn-turntable,needle-nickel,"[Brand] Belt-Drive Turntable, 2-Speed, Walnut",[Brand],Music,Open Box,180,,Turntable|Platter & mat|Dust cover|Cartridge,Original manual,17 x 14 x 5 in,12 lb,,,"Sample listing. Floor demo, tested at both speeds. No visible marks.",,Front|Back|Label / tag|Flaws|Scale,true,2026-09-15,false,true,2,turntable,#D6ECEC
nn-crate,needle-nickel,"Shop-Made Wooden Record Crate, Holds ~80 LPs, Pine",Shop-made,Home & Kitchen,New,45,,Crate,None,14 x 13 x 12 in,6 lb,,,Sample listing. Built in-house from pine. Holds about 80 LPs.,,Front|Back|Label / tag|Flaws|Scale,true,2026-09-16,false,false,0,crate,#FCE3D0
tt-blocks,tidewater-toys,"Wooden Stacking Blocks, 40 Pieces, Multicolor",Unbranded,Toys & Games,New,34,,40 blocks|Cotton storage bag,None,10 x 8 x 4 in,3 lb,,,"Sample listing. Non-toxic finish, cotton storage bag included. Ages 18 months and up.",,Front|Back|Label / tag|Flaws|Scale,true,2026-09-17,false,true,6,blocks,#FFF0DC
tt-puzzle,tidewater-toys,"Lighthouse Jigsaw Puzzle, 1000 Pieces, 27 x 20 in",Sample Puzzle Co.,Toys & Games,New,22,,1000 pieces|Poster insert,None,11 x 8 x 2.5 in,1.5 lb,,,Sample listing. Sealed and new.,,Front|Back|Label / tag|Flaws|Scale,true,2026-09-18,false,false,0,puzzle,#D6ECEC
tt-boardgame,tidewater-toys,"[Brand] Family Strategy Board Game, 2-5 Players, Ages 10+",[Brand],Toys & Games,Open Box,28,,Board|All pieces (counted)|Rules,Shrink wrap,12 x 12 x 3 in,3 lb,,,Sample listing. Opened for a store demo; all pieces counted and bagged.,,Front|Back|Label / tag|Flaws|Scale,true,2026-09-19,false,false,0,game,#FCE3D0
fh-monstera,fernhouse,"Monstera Deliciosa Live Plant, 6-in Nursery Pot, ~18 in Tall",Live plant,Plants & Garden,New,42,,Plant|Nursery pot|Care card,Decorative pot,8 x 8 x 20 in (boxed),5 lb,,,"Sample listing. Healthy, well-rooted plant with 5-6 leaves. Ships in a ventilated box; no shipping in extreme heat or cold.",,Front|Back|Label / tag|Flaws|Scale,true,2026-09-20,false,true,4,plant,#DDEFE1
fh-planter,fernhouse,"Hand-Thrown Ceramic Planter, 6-in, Teal Glaze",Local potter,Plants & Garden,New,38,,Planter|Drainage plug,Saucer,6.5 x 6.5 x 6 in,2.5 lb,,,Sample listing. Made by a local potter. Glaze varies slightly piece to piece.,,Front|Back|Label / tag|Flaws|Scale,true,2026-09-21,false,false,0,planter,#FCE3D0
fh-snake,fernhouse,"Snake Plant (Sansevieria), 4-in Pot, ~14 in Tall",Live plant,Plants & Garden,New,26,,Plant|Nursery pot|Care card,None,6 x 6 x 16 in (boxed),3 lb,,,"Sample listing. Hardy, low-light plant. Ships with roots wrapped.",,Front|Back|Label / tag|Flaws|Scale,true,2026-09-22,false,false,0,snake,#DDEFE1
sh-lamp,sagebrush-home,"Mid-Century Ceramic Table Lamp, Rewired, 24 in, Orange",Unbranded,Home & Kitchen,Like New,85,,Lamp base|Shade|Harp,Bulb,14 x 14 x 24 in,7 lb,,,Sample listing. Rewired and tested. No chips or marks on base or shade.,,Front|Back|Label / tag|Flaws|Scale,true,2026-09-23,false,true,7,lamp,#F6E6D3
sh-mugs,sagebrush-home,"Stoneware Mug Set of 4, 12 oz, Teal",Sample Pottery,Home & Kitchen,New,36,,4 mugs,None,10 x 10 x 5 in (boxed),5 lb,,,"Sample listing. New, dishwasher safe. Double-boxed for shipping.",,Front|Back|Label / tag|Flaws|Scale,true,2026-09-24,false,false,0,mug,#D6ECEC
sh-pillow,sagebrush-home,"Woven Cotton Throw Pillow, 18 x 18 in, Rust Stripe",Unbranded,Home & Kitchen,New,30,,Cover|Insert,None,18 x 18 x 5 in,1.5 lb,,,Sample listing. New cotton cover with removable insert.,,Front|Back|Label / tag|Flaws|Scale,true,2026-09-25,false,false,0,pillow,#FCE3D0
lo-notebook,live-oak-paper,"Linen-Bound Notebook, A5, Dot Grid, Teal",Live Oak Paper & Press,Paper & Gifts,New,18,,Notebook,None,8.3 x 5.8 x 0.6 in,0.6 lb,,,"Sample listing. Lay-flat binding, 160 pages. Made in the shop.",,Front|Back|Label / tag|Flaws|Scale,true,2026-09-26,false,false,0,notebook,#FCE3D0
lo-cards,live-oak-paper,"Letterpress Greeting Card Set, 8 Cards, Assorted",Live Oak Paper & Press,Paper & Gifts,New,24,,8 cards|8 envelopes,None,6 x 5 x 1 in,0.5 lb,,,Sample listing. Printed in the shop on cotton paper.,,Front|Back|Label / tag|Flaws|Scale,true,2026-09-27,false,true,0,cards,#D6ECEC
lo-pen,live-oak-paper,"[Brand] Fountain Pen, Medium Nib, Navy",[Brand],Paper & Gifts,Open Box,48,,Pen|Converter|2 ink cartridges,Original box,6 x 1 x 1 in,0.2 lb,,,"Sample listing. Opened for in-store testing, then cleaned. Writes smoothly.",,Front|Back|Label / tag|Flaws|Scale,true,2026-09-28,false,false,0,pen,#FFF0DC
lo-bud-vase,live-oak-paper,"Hand-Thrown Ceramic Bud Vase, 6 in, Speckled Cream",Local potter,Home & Kitchen,New,32,,Vase,None,4 x 4 x 7 in (boxed),1 lb,,,Sample listing. Wheel-thrown by a local potter and sold in the shop. Glaze speckles vary piece to piece; watertight.,,Front|Back|Label / tag|Flaws|Scale,true,2026-09-29,false,false,3,vase,#F6E6D3
